week,market_group,checkout_starts,orders,checkout_to_order
2025-04-07,Control (15% fee),9942,4369,0.4394
2025-04-07,Pilot (20% fee from Aug 1),4212,1849,0.439
2025-04-14,Control (15% fee),8500,3757,0.442
2025-04-14,Pilot (20% fee from Aug 1),4065,1813,0.446
2025-04-21,Control (15% fee),10187,4437,0.4356
2025-04-21,Pilot (20% fee from Aug 1),4367,1932,0.4424
2025-04-28,Control (15% fee),7925,3493,0.4408
2025-04-28,Pilot (20% fee from Aug 1),5102,2274,0.4457
2025-05-05,Control (15% fee),7257,3185,0.4389
2025-05-05,Pilot (20% fee from Aug 1),4315,1911,0.4429
2025-05-12,Control (15% fee),8901,3940,0.4426
2025-05-12,Pilot (20% fee from Aug 1),4753,2135,0.4492
2025-05-19,Control (15% fee),7223,3183,0.4407
2025-05-19,Pilot (20% fee from Aug 1),4749,2048,0.4312
2025-05-26,Control (15% fee),8720,3787,0.4343
2025-05-26,Pilot (20% fee from Aug 1),4371,1964,0.4493
2025-06-02,Control (15% fee),9456,4147,0.4386
2025-06-02,Pilot (20% fee from Aug 1),4618,2051,0.4441
2025-06-09,Control (15% fee),12090,5345,0.4421
2025-06-09,Pilot (20% fee from Aug 1),6299,2824,0.4483
2025-06-16,Control (15% fee),9626,4217,0.4381
2025-06-16,Pilot (20% fee from Aug 1),5167,2279,0.4411
2025-06-23,Control (15% fee),11400,4989,0.4376
2025-06-23,Pilot (20% fee from Aug 1),6277,2816,0.4486
2025-06-30,Control (15% fee),8579,3818,0.445
2025-06-30,Pilot (20% fee from Aug 1),5932,2631,0.4435
2025-07-07,Control (15% fee),8620,3748,0.4348
2025-07-07,Pilot (20% fee from Aug 1),3986,1755,0.4403
2025-07-14,Control (15% fee),9468,4180,0.4415
2025-07-14,Pilot (20% fee from Aug 1),3884,1678,0.432
2025-07-21,Control (15% fee),10373,4568,0.4404
2025-07-21,Pilot (20% fee from Aug 1),6125,2719,0.4439
2025-07-28,Control (15% fee),11709,5129,0.438
2025-07-28,Pilot (20% fee from Aug 1),5637,2391,0.4242
2025-08-04,Control (15% fee),8170,3570,0.437
2025-08-04,Pilot (20% fee from Aug 1),6269,2555,0.4076
2025-08-11,Control (15% fee),8601,3852,0.4479
2025-08-11,Pilot (20% fee from Aug 1),6214,2508,0.4036
2025-08-18,Control (15% fee),8155,3628,0.4449
2025-08-18,Pilot (20% fee from Aug 1),4695,1958,0.417
2025-08-25,Control (15% fee),10920,4797,0.4393
2025-08-25,Pilot (20% fee from Aug 1),4504,1786,0.3965
2025-09-01,Control (15% fee),6512,2858,0.4389
2025-09-01,Pilot (20% fee from Aug 1),3238,1303,0.4024
2025-09-08,Control (15% fee),7060,3072,0.4351
2025-09-08,Pilot (20% fee from Aug 1),4744,1872,0.3946
2025-09-15,Control (15% fee),6556,2894,0.4414
2025-09-15,Pilot (20% fee from Aug 1),3731,1509,0.4044
2025-09-22,Control (15% fee),5994,2606,0.4348
2025-09-22,Pilot (20% fee from Aug 1),3257,1322,0.4059
2025-09-29,Control (15% fee),2739,1224,0.4469
2025-09-29,Pilot (20% fee from Aug 1),1290,516,0.4
2025-10-06,Control (15% fee),4083,1814,0.4443
2025-10-06,Pilot (20% fee from Aug 1),1996,806,0.4038
2025-10-13,Control (15% fee),3273,1462,0.4467
2025-10-13,Pilot (20% fee from Aug 1),1305,542,0.4153
2025-10-20,Control (15% fee),5498,2395,0.4356
2025-10-20,Pilot (20% fee from Aug 1),3257,1339,0.4111
2025-10-27,Control (15% fee),5518,2390,0.4331
2025-10-27,Pilot (20% fee from Aug 1),3259,1305,0.4004
2025-11-03,Control (15% fee),6132,2714,0.4426
2025-11-03,Pilot (20% fee from Aug 1),3505,1426,0.4068
2025-11-10,Control (15% fee),4839,2124,0.4389
2025-11-10,Pilot (20% fee from Aug 1),2934,1194,0.407
2025-11-17,Control (15% fee),4784,2144,0.4482
2025-11-17,Pilot (20% fee from Aug 1),3699,1536,0.4152
2025-11-24,Control (15% fee),4127,1787,0.433
2025-11-24,Pilot (20% fee from Aug 1),3455,1431,0.4142
