cohort_month,months_since_first,active_buyers,cohort_size,retention_rate
2025-05-01,0,9131,9131,1.0
2025-05-01,1,951,9131,0.1042
2025-05-01,2,872,9131,0.0955
2025-05-01,3,784,9131,0.0859
2025-05-01,4,506,9131,0.0554
2025-05-01,5,329,9131,0.036
2025-05-01,6,495,9131,0.0542
2025-05-01,7,385,9131,0.0422
2025-11-01,0,3674,3674,1.0
2025-11-01,1,107,3674,0.0291
2025-03-01,0,8810,8810,1.0
2025-03-01,1,830,8810,0.0942
2025-03-01,2,783,8810,0.0889
2025-03-01,3,969,8810,0.11
2025-03-01,4,870,8810,0.0988
2025-03-01,5,877,8810,0.0995
2025-03-01,6,616,8810,0.0699
2025-03-01,7,405,8810,0.046
2025-03-01,8,515,8810,0.0585
2025-03-01,9,384,8810,0.0436
2025-01-01,0,8191,8191,1.0
2025-01-01,1,991,8191,0.121
2025-01-01,2,1132,8191,0.1382
2025-01-01,3,1366,8191,0.1668
2025-01-01,4,1251,8191,0.1527
2025-01-01,5,1448,8191,0.1768
2025-01-01,6,1408,8191,0.1719
2025-01-01,7,1393,8191,0.1701
2025-01-01,8,1066,8191,0.1301
2025-01-01,9,864,8191,0.1055
2025-01-01,10,1039,8191,0.1268
2025-01-01,11,877,8191,0.1071
2025-04-01,0,10828,10828,1.0
2025-04-01,1,926,10828,0.0855
2025-04-01,2,1072,10828,0.099
2025-04-01,3,1070,10828,0.0988
2025-04-01,4,969,10828,0.0895
2025-04-01,5,683,10828,0.0631
2025-04-01,6,454,10828,0.0419
2025-04-01,7,592,10828,0.0547
2025-04-01,8,428,10828,0.0395
2025-02-01,0,6942,6942,1.0
2025-02-01,1,580,6942,0.0835
2025-02-01,2,705,6942,0.1016
2025-02-01,3,704,6942,0.1014
2025-02-01,4,813,6942,0.1171
2025-02-01,5,805,6942,0.116
2025-02-01,6,782,6942,0.1126
2025-02-01,7,495,6942,0.0713
2025-02-01,8,400,6942,0.0576
2025-02-01,9,443,6942,0.0638
2025-02-01,10,357,6942,0.0514
2025-09-01,0,4631,4631,1.0
2025-09-01,1,183,4631,0.0395
2025-09-01,2,213,4631,0.046
2025-09-01,3,173,4631,0.0374
2025-12-01,0,2556,2556,1.0
2025-10-01,0,3066,3066,1.0
2025-10-01,1,146,3066,0.0476
2025-10-01,2,122,3066,0.0398
2025-07-01,0,8780,8780,1.0
2025-07-01,1,802,8780,0.0913
2025-07-01,2,499,8780,0.0568
2025-07-01,3,313,8780,0.0356
2025-07-01,4,447,8780,0.0509
2025-07-01,5,321,8780,0.0366
2025-06-01,0,10274,10274,1.0
2025-06-01,1,901,10274,0.0877
2025-06-01,2,907,10274,0.0883
2025-06-01,3,580,10274,0.0565
2025-06-01,4,431,10274,0.042
2025-06-01,5,518,10274,0.0504
2025-06-01,6,360,10274,0.035
2025-08-01,0,7908,7908,1.0
2025-08-01,1,454,7908,0.0574
2025-08-01,2,300,7908,0.0379
2025-08-01,3,374,7908,0.0473
2025-08-01,4,273,7908,0.0345
